Position,Residue,T_Cell_Risk,B_Cell_Risk,Combined_Risk,Num_Alleles_Binding,Risk_Level
1,M,0.0000,0.3263,0.0979,9,LOW
2,A,0.0000,0.3210,0.0963,9,LOW
3,A,0.0000,0.2703,0.0811,9,LOW
4,D,0.0000,0.2857,0.0857,9,LOW
5,G,0.0000,0.3247,0.0974,9,LOW
6,Y,0.0000,0.3316,0.0995,9,LOW
7,L,0.0000,0.2876,0.0863,9,LOW
8,P,0.0000,0.3141,0.0942,9,LOW
9,D,0.0000,0.2850,0.0855,9,LOW
10,W,0.0000,0.2885,0.0865,9,LOW
11,L,0.0000,0.2373,0.0712,9,LOW
12,E,0.0000,0.2984,0.0895,9,LOW
13,D,0.0000,0.3041,0.0912,9,LOW
14,T,0.0000,0.2836,0.0851,9,LOW
15,L,0.0000,0.2707,0.0812,9,LOW
16,S,0.0000,0.3295,0.0988,9,LOW
17,E,0.0000,0.3083,0.0925,9,LOW
18,G,0.0000,0.2306,0.0692,9,LOW
19,I,0.0000,0.1452,0.0435,9,LOW
20,R,0.0000,0.1972,0.0592,9,LOW
21,Q,0.0000,0.1260,0.0378,9,LOW
22,W,0.0000,0.1417,0.0425,9,LOW
23,W,0.0000,0.1643,0.0493,9,LOW
24,K,0.0000,0.3062,0.0919,9,LOW
25,L,0.0000,0.4012,0.1203,9,LOW
26,K,0.0000,0.4972,0.1492,9,LOW
27,P,0.0000,0.6465,0.1940,9,LOW
28,G,0.0000,0.8090,0.2427,9,LOW
29,P,0.0000,0.8970,0.2691,9,LOW
30,P,0.0000,0.9988,0.2997,9,LOW
31,P,0.0000,0.9894,0.2968,9,LOW
32,P,0.0000,1.0000,0.3000,9,LOW
33,K,0.0000,0.9147,0.2744,9,LOW
34,P,0.0000,0.8182,0.2455,9,LOW
35,A,0.0000,0.7401,0.2220,9,LOW
36,E,0.0000,0.6965,0.2090,9,LOW
37,R,0.0000,0.6530,0.1959,9,LOW
38,H,0.0000,0.6053,0.1816,9,LOW
39,K,0.0000,0.5606,0.1682,9,LOW
40,D,0.0000,0.5396,0.1619,9,LOW
41,D,0.0000,0.4007,0.1202,9,LOW
42,S,0.0000,0.3576,0.1073,9,LOW
43,R,0.0000,0.2882,0.0865,9,LOW
44,G,0.0000,0.2682,0.0805,9,LOW
45,L,0.4642,0.2486,0.3995,9,MODERATE
46,V,0.4819,0.2037,0.3985,9,MODERATE
47,L,0.5092,0.1636,0.4055,9,MODERATE
48,P,0.5209,0.1173,0.3998,9,MODERATE
49,G,0.5304,0.0712,0.3926,9,MODERATE
50,Y,0.5304,0.1751,0.4238,9,MODERATE
51,K,0.5304,0.2168,0.4363,9,MODERATE
52,Y,0.5304,0.2585,0.4488,9,MODERATE
53,L,0.5304,0.2864,0.4572,9,MODERATE
54,G,0.5304,0.2650,0.4508,9,MODERATE
55,P,0.5304,0.2088,0.4339,9,MODERATE
56,F,0.5304,0.2546,0.4477,9,MODERATE
57,N,0.5304,0.3134,0.4653,9,MODERATE
58,G,0.5304,0.4187,0.4969,9,MODERATE
59,L,0.5304,0.4567,0.5083,9,HIGH
60,D,0.5080,0.4793,0.4994,9,MODERATE
61,K,0.4899,0.5014,0.4934,9,MODERATE
62,G,0.4607,0.5182,0.4780,9,MODERATE
63,E,0.4411,0.5435,0.4718,9,MODERATE
64,P,0.0000,0.6065,0.1819,9,LOW
65,V,0.0000,0.6134,0.1840,9,LOW
66,N,0.0000,0.5993,0.1798,9,LOW
67,E,0.0000,0.5311,0.1593,9,LOW
68,A,0.0000,0.4677,0.1403,9,LOW
69,D,0.0000,0.3719,0.1116,9,LOW
70,A,0.4301,0.3942,0.4193,9,MODERATE
71,A,0.4301,0.3396,0.4030,9,MODERATE
72,A,0.4301,0.3509,0.4064,9,MODERATE
73,L,0.4301,0.3544,0.4074,9,MODERATE
74,E,0.4301,0.3065,0.3930,9,MODERATE
75,H,0.4301,0.2859,0.3869,9,MODERATE
76,D,0.4301,0.3387,0.4027,9,MODERATE
77,K,0.4301,0.3590,0.4088,9,MODERATE
78,A,0.4301,0.4419,0.4337,9,MODERATE
79,Y,0.4301,0.3592,0.4088,9,MODERATE
80,D,0.4301,0.3800,0.4151,9,MODERATE
81,Q,0.4301,0.3325,0.4008,9,MODERATE
82,Q,0.4301,0.3544,0.4074,9,MODERATE
83,L,0.4301,0.4288,0.4297,9,MODERATE
84,K,0.4301,0.5007,0.4513,9,MODERATE
85,A,0.0000,0.4684,0.1405,9,LOW
86,G,0.0000,0.4459,0.1338,9,LOW
87,D,0.0000,0.3735,0.1121,9,LOW
88,N,0.0000,0.4293,0.1288,9,LOW
89,P,0.4321,0.3756,0.4152,9,MODERATE
90,Y,0.4657,0.3954,0.4446,9,MODERATE
91,L,0.4657,0.3594,0.4338,9,MODERATE
92,K,0.4657,0.2816,0.4104,9,MODERATE
93,Y,0.4657,0.2696,0.4068,9,MODERATE
94,N,0.4657,0.2546,0.4023,9,MODERATE
95,H,0.4657,0.2963,0.4149,9,MODERATE
96,A,0.4657,0.2991,0.4157,9,MODERATE
97,D,0.4657,0.3189,0.4216,9,MODERATE
98,A,0.4657,0.3638,0.4351,9,MODERATE
99,E,0.4657,0.3459,0.4297,9,MODERATE
100,F,0.4657,0.2811,0.4103,9,MODERATE
101,Q,0.4657,0.2901,0.4130,9,MODERATE
102,E,0.4657,0.2703,0.4070,9,MODERATE
103,R,0.4657,0.3281,0.4244,9,MODERATE
104,L,0.4602,0.3184,0.4177,9,MODERATE
105,K,0.0000,0.3988,0.1197,9,LOW
106,E,0.0000,0.3392,0.1018,9,LOW
107,D,0.0000,0.3611,0.1083,9,LOW
108,T,0.0000,0.3726,0.1118,9,LOW
109,S,0.0000,0.4728,0.1418,9,LOW
110,F,0.0000,0.4081,0.1224,9,LOW
111,G,0.0000,0.3922,0.1176,9,LOW
112,G,0.4870,0.3302,0.4400,9,MODERATE
113,N,0.5337,0.2910,0.4609,9,MODERATE
114,L,0.5697,0.2143,0.4631,9,MODERATE
115,G,0.6067,0.1899,0.4816,9,MODERATE
116,R,0.6413,0.1650,0.4984,9,MODERATE
117,A,0.6721,0.1431,0.5134,9,HIGH
118,V,0.6900,0.1251,0.5205,9,HIGH
119,F,0.6900,0.1793,0.5368,9,HIGH
120,Q,0.6900,0.1447,0.5264,9,HIGH
121,A,0.6900,0.0691,0.5037,9,HIGH
122,K,0.6900,0.0281,0.4914,9,MODERATE
123,K,0.6900,0.0866,0.5090,9,HIGH
124,R,0.6900,0.1615,0.5314,9,HIGH
125,L,0.6900,0.1108,0.5162,9,HIGH
126,L,0.6900,0.1320,0.5226,9,HIGH
127,E,0.6591,0.0327,0.4712,9,MODERATE
128,P,0.6236,0.0000,0.4365,9,MODERATE
129,L,0.5884,0.0371,0.4230,9,MODERATE
130,G,0.5483,0.1502,0.4289,9,MODERATE
131,L,0.5028,0.2187,0.4175,9,MODERATE
132,V,0.4507,0.2161,0.3803,9,MODERATE
133,E,0.0000,0.2355,0.0706,9,LOW
134,E,0.0000,0.3279,0.0984,9,LOW
135,A,0.0000,0.3465,0.1040,9,LOW
136,A,0.0000,0.4627,0.1388,9,LOW
137,K,0.0000,0.5472,0.1642,9,LOW
138,T,0.0000,0.5804,0.1741,9,LOW
139,A,0.0000,0.5961,0.1788,9,LOW
140,P,0.0000,0.6071,0.1821,9,LOW
141,G,0.0000,0.6154,0.1846,9,LOW
142,K,0.0000,0.5818,0.1745,9,LOW
143,K,0.0000,0.5910,0.1773,9,LOW
144,R,0.0000,0.6046,0.1814,9,LOW
145,P,0.0000,0.6249,0.1875,9,LOW
146,V,0.0000,0.6097,0.1829,9,LOW
147,E,0.0000,0.6376,0.1913,9,LOW
148,Q,0.0000,0.6800,0.2040,9,LOW
149,S,0.0000,0.7018,0.2106,9,LOW
150,P,0.0000,0.7657,0.2297,9,LOW
151,Q,0.0000,0.8350,0.2505,9,LOW
152,E,0.0000,0.8166,0.2450,9,LOW
153,P,0.0000,0.7742,0.2323,9,LOW
154,D,0.0000,0.7703,0.2311,9,LOW
155,S,0.0000,0.7892,0.2368,9,LOW
156,S,0.0000,0.7571,0.2271,9,LOW
157,A,0.0000,0.6892,0.2068,9,LOW
